,changepoint_prior_scale,holidays_prior_scale,seasonality_prior_scale,fourier_order,prior_scale,rmse,mae
0,0.001,5,0.01,3,0.1,500192.29929838073,394258.97159636463
1,0.001,5,0.01,3,1.0,567241.5905648824,354667.4629447538
2,0.001,5,0.01,3,5.0,578973.8914639715,360686.97796484706
3,0.001,5,0.01,5,0.1,500300.0618055182,392829.8937319584
4,0.001,5,0.01,5,1.0,566062.5933840637,354808.8593702948
5,0.001,5,0.01,5,5.0,584492.7808694391,368301.6420940356
6,0.001,5,0.01,7,0.1,503147.95688330237,393369.7028917501
7,0.001,5,0.01,7,1.0,574616.3498222546,358421.981982756
8,0.001,5,0.01,7,5.0,587941.3407399834,370197.7563504742
9,0.001,5,0.1,3,0.1,267222.341017208,164853.83757307992
10,0.001,5,0.1,3,1.0,299104.04054091603,199335.9246773924
11,0.001,5,0.1,3,5.0,299997.2843220601,203471.8696987902
12,0.001,5,0.1,5,0.1,283934.09657850163,178899.16053809645
13,0.001,5,0.1,5,1.0,330475.44395980285,223949.60193265745
14,0.001,5,0.1,5,5.0,327240.8286642912,228274.99772736686
15,0.001,5,0.1,7,0.1,292507.63471966714,181450.03975819855
16,0.001,5,0.1,7,1.0,348512.68446360616,238533.54194858306
17,0.001,5,0.1,7,5.0,337007.942231343,227335.10468653814
18,0.001,5,1.0,3,0.1,378934.1107840932,234628.2384025547
19,0.001,5,1.0,3,1.0,387290.586152322,249705.17183286385
20,0.001,5,1.0,3,5.0,415740.37308441545,284330.7557131907
21,0.001,5,1.0,5,0.1,443941.9721516592,265517.2578395568
22,0.001,5,1.0,5,1.0,443773.6020334783,282242.33447618276
23,0.001,5,1.0,5,5.0,447422.70108325843,292555.31440382695
24,0.001,5,1.0,7,0.1,429976.87050815095,272275.42595100973
25,0.001,5,1.0,7,1.0,423800.5190490755,276477.79725071107
26,0.001,5,1.0,7,5.0,410977.86556032824,272659.8709237501
27,0.001,5,10.0,3,0.1,500734.71477632015,295244.8833780558
28,0.001,5,10.0,3,1.0,486014.2009628194,311410.8692177771
29,0.001,5,10.0,3,5.0,499758.08183775615,329348.31127017026
30,0.001,5,10.0,5,0.1,579732.0924923797,348280.0210828787
31,0.001,5,10.0,5,1.0,452226.1338043461,281514.1811029772
32,0.001,5,10.0,5,5.0,452621.31353736366,290214.7977131341
33,0.001,5,10.0,7,0.1,1019501.1304204209,557088.1390112728
34,0.001,5,10.0,7,1.0,513619.97974760126,322349.67854717403
35,0.001,5,10.0,7,5.0,434421.1285400958,285114.30773796653
36,0.001,10,0.01,3,0.1,500192.29929838073,394258.97159636463
37,0.001,10,0.01,3,1.0,567241.5905648824,354667.4629447538
38,0.001,10,0.01,3,5.0,578973.8914639715,360686.97796484706
39,0.001,10,0.01,5,0.1,500300.0618055182,392829.8937319584
40,0.001,10,0.01,5,1.0,566062.5933840637,354808.8593702948
41,0.001,10,0.01,5,5.0,584492.7808694391,368301.6420940356
42,0.001,10,0.01,7,0.1,503147.95688330237,393369.7028917501
43,0.001,10,0.01,7,1.0,574616.3498222546,358421.981982756
44,0.001,10,0.01,7,5.0,587941.3407399834,370197.7563504742
45,0.001,10,0.1,3,0.1,267222.341017208,164853.83757307992
46,0.001,10,0.1,3,1.0,299104.04054091603,199335.9246773924
47,0.001,10,0.1,3,5.0,299997.2843220601,203471.8696987902
48,0.001,10,0.1,5,0.1,283934.09657850163,178899.16053809645
49,0.001,10,0.1,5,1.0,330475.44395980285,223949.60193265745
50,0.001,10,0.1,5,5.0,327240.8286642912,228274.99772736686
51,0.001,10,0.1,7,0.1,292507.63471966714,181450.03975819855
52,0.001,10,0.1,7,1.0,348512.68446360616,238533.54194858306
53,0.001,10,0.1,7,5.0,337007.942231343,227335.10468653814
54,0.001,10,1.0,3,0.1,378934.1107840932,234628.2384025547
55,0.001,10,1.0,3,1.0,387290.586152322,249705.17183286385
56,0.001,10,1.0,3,5.0,415740.37308441545,284330.7557131907
57,0.001,10,1.0,5,0.1,443941.9721516592,265517.2578395568
58,0.001,10,1.0,5,1.0,443773.6020334783,282242.33447618276
59,0.001,10,1.0,5,5.0,447422.70108325843,292555.31440382695
60,0.001,10,1.0,7,0.1,429976.87050815095,272275.42595100973
61,0.001,10,1.0,7,1.0,423800.5190490755,276477.79725071107
62,0.001,10,1.0,7,5.0,410977.86556032824,272659.8709237501
63,0.001,10,10.0,3,0.1,500734.71477632015,295244.8833780558
64,0.001,10,10.0,3,1.0,486014.2009628194,311410.8692177771
65,0.001,10,10.0,3,5.0,499758.08183775615,329348.31127017026
66,0.001,10,10.0,5,0.1,579732.0924923797,348280.0210828787
67,0.001,10,10.0,5,1.0,452226.1338043461,281514.1811029772
68,0.001,10,10.0,5,5.0,452621.31353736366,290214.7977131341
69,0.001,10,10.0,7,0.1,1019501.1304204209,557088.1390112728
70,0.001,10,10.0,7,1.0,513619.97974760126,322349.67854717403
71,0.001,10,10.0,7,5.0,434421.1285400958,285114.30773796653
72,0.001,20,0.01,3,0.1,500192.29929838073,394258.97159636463
73,0.001,20,0.01,3,1.0,567241.5905648824,354667.4629447538
74,0.001,20,0.01,3,5.0,578973.8914639715,360686.97796484706
75,0.001,20,0.01,5,0.1,500300.0618055182,392829.8937319584
76,0.001,20,0.01,5,1.0,566062.5933840637,354808.8593702948
77,0.001,20,0.01,5,5.0,584492.7808694391,368301.6420940356
78,0.001,20,0.01,7,0.1,503147.95688330237,393369.7028917501
79,0.001,20,0.01,7,1.0,574616.3498222546,358421.981982756
80,0.001,20,0.01,7,5.0,587941.3407399834,370197.7563504742
81,0.001,20,0.1,3,0.1,267222.341017208,164853.83757307992
82,0.001,20,0.1,3,1.0,299104.04054091603,199335.9246773924
83,0.001,20,0.1,3,5.0,299997.2843220601,203471.8696987902
84,0.001,20,0.1,5,0.1,283934.09657850163,178899.16053809645
85,0.001,20,0.1,5,1.0,330475.44395980285,223949.60193265745
86,0.001,20,0.1,5,5.0,327240.8286642912,228274.99772736686
87,0.001,20,0.1,7,0.1,292507.63471966714,181450.03975819855
88,0.001,20,0.1,7,1.0,348512.68446360616,238533.54194858306
89,0.001,20,0.1,7,5.0,337007.942231343,227335.10468653814
90,0.001,20,1.0,3,0.1,378934.1107840932,234628.2384025547
91,0.001,20,1.0,3,1.0,387290.586152322,249705.17183286385
92,0.001,20,1.0,3,5.0,415740.37308441545,284330.7557131907
93,0.001,20,1.0,5,0.1,443941.9721516592,265517.2578395568
94,0.001,20,1.0,5,1.0,443773.6020334783,282242.33447618276
95,0.001,20,1.0,5,5.0,447422.70108325843,292555.31440382695
96,0.001,20,1.0,7,0.1,429976.87050815095,272275.42595100973
97,0.001,20,1.0,7,1.0,423800.5190490755,276477.79725071107
98,0.001,20,1.0,7,5.0,410977.86556032824,272659.8709237501
99,0.001,20,10.0,3,0.1,500734.71477632015,295244.8833780558
100,0.001,20,10.0,3,1.0,486014.2009628194,311410.8692177771
101,0.001,20,10.0,3,5.0,499758.08183775615,329348.31127017026
102,0.001,20,10.0,5,0.1,579732.0924923797,348280.0210828787
103,0.001,20,10.0,5,1.0,452226.1338043461,281514.1811029772
104,0.001,20,10.0,5,5.0,452621.31353736366,290214.7977131341
105,0.001,20,10.0,7,0.1,1019501.1304204209,557088.1390112728
106,0.001,20,10.0,7,1.0,513619.97974760126,322349.67854717403
107,0.001,20,10.0,7,5.0,434421.1285400958,285114.30773796653
108,0.01,5,0.01,3,0.1,497217.7728974828,391536.1746251834
109,0.01,5,0.01,3,1.0,562764.4955677263,353860.8115204287
110,0.01,5,0.01,3,5.0,564988.3019644395,352683.785426786
111,0.01,5,0.01,5,0.1,497237.4404372098,390159.01232487994
112,0.01,5,0.01,5,1.0,561045.0677020568,352724.61777284654
113,0.01,5,0.01,5,5.0,562162.6031936776,352931.353690221
114,0.01,5,0.01,7,0.1,500023.0735371844,390910.72622813476
115,0.01,5,0.01,7,1.0,562813.1766558501,354155.31344712165
116,0.01,5,0.01,7,5.0,564078.9566059557,354098.6773064589
117,0.01,5,0.1,3,0.1,267641.61672354105,164502.3056835055
118,0.01,5,0.1,3,1.0,304089.4015236147,200362.16927618362
119,0.01,5,0.1,3,5.0,306932.14042336325,208903.7961810215
120,0.01,5,0.1,5,0.1,284169.7624167932,179740.112790975
121,0.01,5,0.1,5,1.0,331247.6305286511,223787.5733478072
122,0.01,5,0.1,5,5.0,331126.4434545369,226426.71265640677
123,0.01,5,0.1,7,0.1,294353.7875016552,182434.6400019191
124,0.01,5,0.1,7,1.0,339020.7557147882,227095.19719183972
125,0.01,5,0.1,7,5.0,328898.70152993867,217352.56154105839
126,0.01,5,1.0,3,0.1,395753.49771775166,243953.70523109095
127,0.01,5,1.0,3,1.0,425609.1207268832,275435.9322032747
128,0.01,5,1.0,3,5.0,438233.3338863875,301332.8758310134
129,0.01,5,1.0,5,0.1,450428.61273040826,271943.74651783134
130,0.01,5,1.0,5,1.0,452915.4441038078,292932.3281528169
131,0.01,5,1.0,5,5.0,462626.6596739773,313776.4046940883
132,0.01,5,1.0,7,0.1,434150.920334389,276253.4021079566
133,0.01,5,1.0,7,1.0,450801.41822880215,301004.86658151256
134,0.01,5,1.0,7,5.0,414129.1768033321,285336.9267468
135,0.01,5,10.0,3,0.1,518201.663393885,319855.57191531366
136,0.01,5,10.0,3,1.0,490795.541734581,315077.49352072127
137,0.01,5,10.0,3,5.0,491828.52855028724,333172.3251536491
138,0.01,5,10.0,5,0.1,697660.3050126457,412835.1923135896
139,0.01,5,10.0,5,1.0,474642.5213145389,308762.4286097697
140,0.01,5,10.0,5,5.0,494934.761176234,349785.3234706601
141,0.01,5,10.0,7,0.1,1425070.6279963946,744390.4305235418
142,0.01,5,10.0,7,1.0,532946.794615112,342381.0815680679
143,0.01,5,10.0,7,5.0,414266.0123236532,283978.63001959125
144,0.01,10,0.01,3,0.1,497217.7728974828,391536.1746251834
145,0.01,10,0.01,3,1.0,562764.4955677263,353860.8115204287
146,0.01,10,0.01,3,5.0,564988.3019644395,352683.785426786
147,0.01,10,0.01,5,0.1,497237.4404372098,390159.01232487994
148,0.01,10,0.01,5,1.0,561045.0677020568,352724.61777284654
149,0.01,10,0.01,5,5.0,562162.6031936776,352931.353690221
150,0.01,10,0.01,7,0.1,500023.0735371844,390910.72622813476
151,0.01,10,0.01,7,1.0,562813.1766558501,354155.31344712165
152,0.01,10,0.01,7,5.0,564078.9566059557,354098.6773064589
153,0.01,10,0.1,3,0.1,267641.61672354105,164502.3056835055
154,0.01,10,0.1,3,1.0,304089.4015236147,200362.16927618362
155,0.01,10,0.1,3,5.0,306932.14042336325,208903.7961810215
156,0.01,10,0.1,5,0.1,284169.7624167932,179740.112790975
157,0.01,10,0.1,5,1.0,331247.6305286511,223787.5733478072
158,0.01,10,0.1,5,5.0,331126.4434545369,226426.71265640677
159,0.01,10,0.1,7,0.1,294353.7875016552,182434.6400019191
160,0.01,10,0.1,7,1.0,339020.7557147882,227095.19719183972
161,0.01,10,0.1,7,5.0,328898.70152993867,217352.56154105839
162,0.01,10,1.0,3,0.1,395753.49771775166,243953.70523109095
163,0.01,10,1.0,3,1.0,425609.1207268832,275435.9322032747
164,0.01,10,1.0,3,5.0,438233.3338863875,301332.8758310134
165,0.01,10,1.0,5,0.1,450428.61273040826,271943.74651783134
166,0.01,10,1.0,5,1.0,452915.4441038078,292932.3281528169
167,0.01,10,1.0,5,5.0,462626.6596739773,313776.4046940883
168,0.01,10,1.0,7,0.1,434150.920334389,276253.4021079566
169,0.01,10,1.0,7,1.0,450801.41822880215,301004.86658151256
170,0.01,10,1.0,7,5.0,414129.1768033321,285336.9267468
171,0.01,10,10.0,3,0.1,518201.663393885,319855.57191531366
172,0.01,10,10.0,3,1.0,490795.541734581,315077.49352072127
173,0.01,10,10.0,3,5.0,491828.52855028724,333172.3251536491
174,0.01,10,10.0,5,0.1,697660.3050126457,412835.1923135896
175,0.01,10,10.0,5,1.0,474642.5213145389,308762.4286097697
176,0.01,10,10.0,5,5.0,494934.761176234,349785.3234706601
177,0.01,10,10.0,7,0.1,1425070.6279963946,744390.4305235418
178,0.01,10,10.0,7,1.0,532946.794615112,342381.0815680679
179,0.01,10,10.0,7,5.0,414266.0123236532,283978.63001959125
180,0.01,20,0.01,3,0.1,497217.7728974828,391536.1746251834
181,0.01,20,0.01,3,1.0,562764.4955677263,353860.8115204287
182,0.01,20,0.01,3,5.0,564988.3019644395,352683.785426786
183,0.01,20,0.01,5,0.1,497237.4404372098,390159.01232487994
184,0.01,20,0.01,5,1.0,561045.0677020568,352724.61777284654
185,0.01,20,0.01,5,5.0,562162.6031936776,352931.353690221
186,0.01,20,0.01,7,0.1,500023.0735371844,390910.72622813476
187,0.01,20,0.01,7,1.0,562813.1766558501,354155.31344712165
188,0.01,20,0.01,7,5.0,564078.9566059557,354098.6773064589
189,0.01,20,0.1,3,0.1,267641.61672354105,164502.3056835055
190,0.01,20,0.1,3,1.0,304089.4015236147,200362.16927618362
191,0.01,20,0.1,3,5.0,306932.14042336325,208903.7961810215
192,0.01,20,0.1,5,0.1,284169.7624167932,179740.112790975
193,0.01,20,0.1,5,1.0,331247.6305286511,223787.5733478072
194,0.01,20,0.1,5,5.0,331126.4434545369,226426.71265640677
195,0.01,20,0.1,7,0.1,294353.7875016552,182434.6400019191
196,0.01,20,0.1,7,1.0,339020.7557147882,227095.19719183972
197,0.01,20,0.1,7,5.0,328898.70152993867,217352.56154105839
198,0.01,20,1.0,3,0.1,395753.49771775166,243953.70523109095
199,0.01,20,1.0,3,1.0,425609.1207268832,275435.9322032747
200,0.01,20,1.0,3,5.0,438233.3338863875,301332.8758310134
201,0.01,20,1.0,5,0.1,450428.61273040826,271943.74651783134
202,0.01,20,1.0,5,1.0,452915.4441038078,292932.3281528169
203,0.01,20,1.0,5,5.0,462626.6596739773,313776.4046940883
204,0.01,20,1.0,7,0.1,434150.920334389,276253.4021079566
205,0.01,20,1.0,7,1.0,450801.41822880215,301004.86658151256
206,0.01,20,1.0,7,5.0,414129.1768033321,285336.9267468
207,0.01,20,10.0,3,0.1,518201.663393885,319855.57191531366
208,0.01,20,10.0,3,1.0,490795.541734581,315077.49352072127
209,0.01,20,10.0,3,5.0,491828.52855028724,333172.3251536491
210,0.01,20,10.0,5,0.1,697660.3050126457,412835.1923135896
211,0.01,20,10.0,5,1.0,474642.5213145389,308762.4286097697
212,0.01,20,10.0,5,5.0,494934.761176234,349785.3234706601
213,0.01,20,10.0,7,0.1,1425070.6279963946,744390.4305235418
214,0.01,20,10.0,7,1.0,532946.794615112,342381.0815680679
215,0.01,20,10.0,7,5.0,414266.0123236532,283978.63001959125
216,0.1,5,0.01,3,0.1,497366.61462156486,390308.3011586178
217,0.1,5,0.01,3,1.0,560576.6414233876,352052.62948861415
218,0.1,5,0.01,3,5.0,563854.9171741423,353404.84157442034
219,0.1,5,0.01,5,0.1,497545.60693077696,389308.4271565223
220,0.1,5,0.01,5,1.0,559847.8914679557,351560.6006745184
221,0.1,5,0.01,5,5.0,562072.0144745123,352936.0742961632
222,0.1,5,0.01,7,0.1,500488.9823855425,389930.1403487605
223,0.1,5,0.01,7,1.0,561132.9634911044,352633.0249808623
224,0.1,5,0.01,7,5.0,563323.0885692287,353852.2697283479
225,0.1,5,0.1,3,0.1,269079.2866770128,170004.7991344761
226,0.1,5,0.1,3,1.0,298333.7767156648,193690.36969147532
227,0.1,5,0.1,3,5.0,327245.2175589602,219818.92015146266
228,0.1,5,0.1,5,0.1,286527.288114709,184774.9146538648
229,0.1,5,0.1,5,1.0,320106.0132034795,220704.6207756543
230,0.1,5,0.1,5,5.0,365527.54347837804,246192.18155008645
231,0.1,5,0.1,7,0.1,296879.7822440238,186727.93888880644
232,0.1,5,0.1,7,1.0,335253.5486407168,226688.12602451688
233,0.1,5,0.1,7,5.0,384037.89762488153,249953.66069083658
234,0.1,5,1.0,3,0.1,399993.5516024954,259238.18263112847
235,0.1,5,1.0,3,1.0,449771.24417779566,307163.25447489007
236,0.1,5,1.0,3,5.0,632776.3545216824,471378.52678138827
237,0.1,5,1.0,5,0.1,440914.5024147138,283712.3585089217
238,0.1,5,1.0,5,1.0,475658.95878929284,323771.4570408727
239,0.1,5,1.0,5,5.0,587636.7917388843,433877.68054506334
240,0.1,5,1.0,7,0.1,435136.7884385913,285175.56621225155
241,0.1,5,1.0,7,1.0,482617.4888607877,339853.71432570956
242,0.1,5,1.0,7,5.0,650446.1074368209,484405.37363240635
243,0.1,5,10.0,3,0.1,519360.3683712649,328127.27130488155
244,0.1,5,10.0,3,1.0,516507.31659706164,342759.56236712454
245,0.1,5,10.0,3,5.0,883085.216335155,632153.3014679754
246,0.1,5,10.0,5,0.1,683827.8550390351,415664.0646239081
247,0.1,5,10.0,5,1.0,526668.1882853028,345851.82543974323
248,0.1,5,10.0,5,5.0,747057.2045401965,546685.2114820156
249,0.1,5,10.0,7,0.1,1621665.809080408,846206.964383293
250,0.1,5,10.0,7,1.0,692573.521010499,437055.5256333933
251,0.1,5,10.0,7,5.0,1774011.62626634,1379744.9986482009
252,0.1,10,0.01,3,0.1,497366.61462156486,390308.3011586178
253,0.1,10,0.01,3,1.0,560576.6414233876,352052.62948861415
254,0.1,10,0.01,3,5.0,563854.9171741423,353404.84157442034
255,0.1,10,0.01,5,0.1,497545.60693077696,389308.4271565223
256,0.1,10,0.01,5,1.0,559847.8914679557,351560.6006745184
257,0.1,10,0.01,5,5.0,562072.0144745123,352936.0742961632
258,0.1,10,0.01,7,0.1,500488.9823855425,389930.1403487605
259,0.1,10,0.01,7,1.0,561132.9634911044,352633.0249808623
260,0.1,10,0.01,7,5.0,563323.0885692287,353852.2697283479
261,0.1,10,0.1,3,0.1,269079.2866770128,170004.7991344761
262,0.1,10,0.1,3,1.0,298333.7767156648,193690.36969147532
263,0.1,10,0.1,3,5.0,327245.2175589602,219818.92015146266
264,0.1,10,0.1,5,0.1,286527.288114709,184774.9146538648
265,0.1,10,0.1,5,1.0,320106.0132034795,220704.6207756543
266,0.1,10,0.1,5,5.0,365527.54347837804,246192.18155008645
267,0.1,10,0.1,7,0.1,296879.7822440238,186727.93888880644
268,0.1,10,0.1,7,1.0,335253.5486407168,226688.12602451688
269,0.1,10,0.1,7,5.0,384037.89762488153,249953.66069083658
270,0.1,10,1.0,3,0.1,399993.5516024954,259238.18263112847
271,0.1,10,1.0,3,1.0,449771.24417779566,307163.25447489007
272,0.1,10,1.0,3,5.0,632776.3545216824,471378.52678138827
273,0.1,10,1.0,5,0.1,440914.5024147138,283712.3585089217
274,0.1,10,1.0,5,1.0,475658.95878929284,323771.4570408727
275,0.1,10,1.0,5,5.0,587636.7917388843,433877.68054506334
276,0.1,10,1.0,7,0.1,435136.7884385913,285175.56621225155
277,0.1,10,1.0,7,1.0,482617.4888607877,339853.71432570956
278,0.1,10,1.0,7,5.0,650446.1074368209,484405.37363240635
279,0.1,10,10.0,3,0.1,519360.3683712649,328127.27130488155
280,0.1,10,10.0,3,1.0,516507.31659706164,342759.56236712454
281,0.1,10,10.0,3,5.0,883085.216335155,632153.3014679754
282,0.1,10,10.0,5,0.1,683827.8550390351,415664.0646239081
283,0.1,10,10.0,5,1.0,526668.1882853028,345851.82543974323
284,0.1,10,10.0,5,5.0,747057.2045401965,546685.2114820156
285,0.1,10,10.0,7,0.1,1621665.809080408,846206.964383293
286,0.1,10,10.0,7,1.0,692573.521010499,437055.5256333933
287,0.1,10,10.0,7,5.0,1774011.62626634,1379744.9986482009
288,0.1,20,0.01,3,0.1,497366.61462156486,390308.3011586178
289,0.1,20,0.01,3,1.0,560576.6414233876,352052.62948861415
290,0.1,20,0.01,3,5.0,563854.9171741423,353404.84157442034
291,0.1,20,0.01,5,0.1,497545.60693077696,389308.4271565223
292,0.1,20,0.01,5,1.0,559847.8914679557,351560.6006745184
293,0.1,20,0.01,5,5.0,562072.0144745123,352936.0742961632
294,0.1,20,0.01,7,0.1,500488.9823855425,389930.1403487605
295,0.1,20,0.01,7,1.0,561132.9634911044,352633.0249808623
296,0.1,20,0.01,7,5.0,563323.0885692287,353852.2697283479
297,0.1,20,0.1,3,0.1,269079.2866770128,170004.7991344761
298,0.1,20,0.1,3,1.0,298333.7767156648,193690.36969147532
299,0.1,20,0.1,3,5.0,327245.2175589602,219818.92015146266
300,0.1,20,0.1,5,0.1,286527.288114709,184774.9146538648
301,0.1,20,0.1,5,1.0,320106.0132034795,220704.6207756543
302,0.1,20,0.1,5,5.0,365527.54347837804,246192.18155008645
303,0.1,20,0.1,7,0.1,296879.7822440238,186727.93888880644
304,0.1,20,0.1,7,1.0,335253.5486407168,226688.12602451688
305,0.1,20,0.1,7,5.0,384037.89762488153,249953.66069083658
306,0.1,20,1.0,3,0.1,399993.5516024954,259238.18263112847
307,0.1,20,1.0,3,1.0,449771.24417779566,307163.25447489007
308,0.1,20,1.0,3,5.0,632776.3545216824,471378.52678138827
309,0.1,20,1.0,5,0.1,440914.5024147138,283712.3585089217
310,0.1,20,1.0,5,1.0,475658.95878929284,323771.4570408727
311,0.1,20,1.0,5,5.0,587636.7917388843,433877.68054506334
312,0.1,20,1.0,7,0.1,435136.7884385913,285175.56621225155
313,0.1,20,1.0,7,1.0,482617.4888607877,339853.71432570956
314,0.1,20,1.0,7,5.0,650446.1074368209,484405.37363240635
315,0.1,20,10.0,3,0.1,519360.3683712649,328127.27130488155
316,0.1,20,10.0,3,1.0,516507.31659706164,342759.56236712454
317,0.1,20,10.0,3,5.0,883085.216335155,632153.3014679754
318,0.1,20,10.0,5,0.1,683827.8550390351,415664.0646239081
319,0.1,20,10.0,5,1.0,526668.1882853028,345851.82543974323
320,0.1,20,10.0,5,5.0,747057.2045401965,546685.2114820156
321,0.1,20,10.0,7,0.1,1621665.809080408,846206.964383293
322,0.1,20,10.0,7,1.0,692573.521010499,437055.5256333933
323,0.1,20,10.0,7,5.0,1774011.62626634,1379744.9986482009
324,0.5,5,0.01,3,0.1,498215.7512736764,385548.16253915895
325,0.5,5,0.01,3,1.0,531779.769474026,385005.68131003546
326,0.5,5,0.01,3,5.0,550123.6969288542,395795.53147350356
327,0.5,5,0.01,5,0.1,498699.8135455678,384447.4233396566
328,0.5,5,0.01,5,1.0,535270.2423524291,391342.84650828154
329,0.5,5,0.01,5,5.0,565850.132809737,413166.7396770214
330,0.5,5,0.01,7,0.1,501684.2109146642,386135.07539187593
331,0.5,5,0.01,7,1.0,542134.0112478987,399521.2918451524
332,0.5,5,0.01,7,5.0,570202.9755884957,419181.6946085921
333,0.5,5,0.1,3,0.1,270803.1228429362,171347.21807853307
334,0.5,5,0.1,3,1.0,357173.63194194745,239278.83442896677
335,0.5,5,0.1,3,5.0,452570.8574652875,314465.3418202307
336,0.5,5,0.1,5,0.1,295134.3502218878,191198.72960162174
337,0.5,5,0.1,5,1.0,379038.88762899593,263419.7546152015
338,0.5,5,0.1,5,5.0,473130.10891411087,341101.6688326283
339,0.5,5,0.1,7,0.1,308566.0860674858,197724.85223690543
340,0.5,5,0.1,7,1.0,432121.9196455857,281602.04465859506
341,0.5,5,0.1,7,5.0,560237.5289999422,395745.5698789541
342,0.5,5,1.0,3,0.1,536805.3333411322,369195.8113553548
343,0.5,5,1.0,3,1.0,747836.3378003694,497175.99204065907
344,0.5,5,1.0,3,5.0,953476.0472339342,698902.5661887024
345,0.5,5,1.0,5,0.1,554034.9570614961,357189.0335076615
346,0.5,5,1.0,5,1.0,1123733.533756443,801961.5792382734
347,0.5,5,1.0,5,5.0,885678.4720579919,643269.5681849244
348,0.5,5,1.0,7,0.1,527182.0918130933,352517.2013109696
349,0.5,5,1.0,7,1.0,1041421.5205609549,734153.871474979
350,0.5,5,1.0,7,5.0,943530.7964165646,690569.5255333356
351,0.5,5,10.0,3,0.1,660235.2105570533,429182.01779764675
352,0.5,5,10.0,3,1.0,1112410.2204724282,783954.1248362005
353,0.5,5,10.0,3,5.0,940989.7632169238,647720.4695979103
354,0.5,5,10.0,5,0.1,742323.0015770453,451844.74566009594
355,0.5,5,10.0,5,1.0,1163172.337530969,811095.7738779031
356,0.5,5,10.0,5,5.0,2328445.6471776906,1388000.3201465819
357,0.5,5,10.0,7,0.1,1732787.5422307272,894808.053884755
358,0.5,5,10.0,7,1.0,1880490.9074288649,1183523.4636389157
359,0.5,5,10.0,7,5.0,1097992.5712209179,698080.9662232238
360,0.5,10,0.01,3,0.1,498215.7512736764,385548.16253915895
361,0.5,10,0.01,3,1.0,531779.769474026,385005.68131003546
362,0.5,10,0.01,3,5.0,550123.6969288542,395795.53147350356
363,0.5,10,0.01,5,0.1,498699.8135455678,384447.4233396566
364,0.5,10,0.01,5,1.0,535270.2423524291,391342.84650828154
365,0.5,10,0.01,5,5.0,565850.132809737,413166.7396770214
366,0.5,10,0.01,7,0.1,501684.2109146642,386135.07539187593
367,0.5,10,0.01,7,1.0,542134.0112478987,399521.2918451524
368,0.5,10,0.01,7,5.0,570202.9755884957,419181.6946085921
369,0.5,10,0.1,3,0.1,270803.1228429362,171347.21807853307
370,0.5,10,0.1,3,1.0,357173.63194194745,239278.83442896677
371,0.5,10,0.1,3,5.0,452570.8574652875,314465.3418202307
372,0.5,10,0.1,5,0.1,295134.3502218878,191198.72960162174
373,0.5,10,0.1,5,1.0,379038.88762899593,263419.7546152015
374,0.5,10,0.1,5,5.0,473130.10891411087,341101.6688326283
375,0.5,10,0.1,7,0.1,308566.0860674858,197724.85223690543
376,0.5,10,0.1,7,1.0,432121.9196455857,281602.04465859506
377,0.5,10,0.1,7,5.0,560237.5289999422,395745.5698789541
378,0.5,10,1.0,3,0.1,536805.3333411322,369195.8113553548
379,0.5,10,1.0,3,1.0,747836.3378003694,497175.99204065907
380,0.5,10,1.0,3,5.0,953476.0472339342,698902.5661887024
381,0.5,10,1.0,5,0.1,554034.9570614961,357189.0335076615
382,0.5,10,1.0,5,1.0,1123733.533756443,801961.5792382734
383,0.5,10,1.0,5,5.0,885678.4720579919,643269.5681849244
384,0.5,10,1.0,7,0.1,527182.0918130933,352517.2013109696
385,0.5,10,1.0,7,1.0,1041421.5205609549,734153.871474979
386,0.5,10,1.0,7,5.0,943530.7964165646,690569.5255333356
387,0.5,10,10.0,3,0.1,660235.2105570533,429182.01779764675
388,0.5,10,10.0,3,1.0,1112410.2204724282,783954.1248362005
389,0.5,10,10.0,3,5.0,940989.7632169238,647720.4695979103
390,0.5,10,10.0,5,0.1,742323.0015770453,451844.74566009594
391,0.5,10,10.0,5,1.0,1163172.337530969,811095.7738779031
392,0.5,10,10.0,5,5.0,2328445.6471776906,1388000.3201465819
393,0.5,10,10.0,7,0.1,1732787.5422307272,894808.053884755
394,0.5,10,10.0,7,1.0,1880490.9074288649,1183523.4636389157
395,0.5,10,10.0,7,5.0,1097992.5712209179,698080.9662232238
396,0.5,20,0.01,3,0.1,498215.7512736764,385548.16253915895
397,0.5,20,0.01,3,1.0,531779.769474026,385005.68131003546
398,0.5,20,0.01,3,5.0,550123.6969288542,395795.53147350356
399,0.5,20,0.01,5,0.1,498699.8135455678,384447.4233396566
400,0.5,20,0.01,5,1.0,535270.2423524291,391342.84650828154
401,0.5,20,0.01,5,5.0,565850.132809737,413166.7396770214
402,0.5,20,0.01,7,0.1,501684.2109146642,386135.07539187593
403,0.5,20,0.01,7,1.0,542134.0112478987,399521.2918451524
404,0.5,20,0.01,7,5.0,570202.9755884957,419181.6946085921
405,0.5,20,0.1,3,0.1,270803.1228429362,171347.21807853307
406,0.5,20,0.1,3,1.0,357173.63194194745,239278.83442896677
407,0.5,20,0.1,3,5.0,452570.8574652875,314465.3418202307
408,0.5,20,0.1,5,0.1,295134.3502218878,191198.72960162174
409,0.5,20,0.1,5,1.0,379038.88762899593,263419.7546152015
410,0.5,20,0.1,5,5.0,473130.10891411087,341101.6688326283
411,0.5,20,0.1,7,0.1,308566.0860674858,197724.85223690543
412,0.5,20,0.1,7,1.0,432121.9196455857,281602.04465859506
413,0.5,20,0.1,7,5.0,560237.5289999422,395745.5698789541
414,0.5,20,1.0,3,0.1,536805.3333411322,369195.8113553548
415,0.5,20,1.0,3,1.0,747836.3378003694,497175.99204065907
416,0.5,20,1.0,3,5.0,953476.0472339342,698902.5661887024
417,0.5,20,1.0,5,0.1,554034.9570614961,357189.0335076615
418,0.5,20,1.0,5,1.0,1123733.533756443,801961.5792382734
419,0.5,20,1.0,5,5.0,885678.4720579919,643269.5681849244
420,0.5,20,1.0,7,0.1,527182.0918130933,352517.2013109696
421,0.5,20,1.0,7,1.0,1041421.5205609549,734153.871474979
422,0.5,20,1.0,7,5.0,943530.7964165646,690569.5255333356
423,0.5,20,10.0,3,0.1,660235.2105570533,429182.01779764675
424,0.5,20,10.0,3,1.0,1112410.2204724282,783954.1248362005
425,0.5,20,10.0,3,5.0,940989.7632169238,647720.4695979103
426,0.5,20,10.0,5,0.1,742323.0015770453,451844.74566009594
427,0.5,20,10.0,5,1.0,1163172.337530969,811095.7738779031
428,0.5,20,10.0,5,5.0,2328445.6471776906,1388000.3201465819
429,0.5,20,10.0,7,0.1,1732787.5422307272,894808.053884755
430,0.5,20,10.0,7,1.0,1880490.9074288649,1183523.4636389157
431,0.5,20,10.0,7,5.0,1097992.5712209179,698080.9662232238
